{"cameraMode":{"drawMode":0,"name":"Shaded","section":"Shading Mode"},"sceneLighting":true,"audioPlay":false,"sceneViewState":{"showFog":true,"showMaterialUpdate":false,"showSkybox":true,"showFlares":true,"showImageEffects":true,"showParticleSystems":true},"in2DMode":false,"pivot":{"x":-271.84765625,"y":29.68375015258789,"z":-11.802827835083008},"rotation":{"x":-0.11804376542568207,"y":0.7313873171806336,"z":-0.1310584545135498,"w":-0.6587579846382141},"size":361.5903015136719,"orthographic":false}