{"cameraMode":{"drawMode":0,"name":"Shaded","section":"Shading Mode"},"sceneLighting":true,"audioPlay":false,"sceneViewState":{"showFog":true,"showMaterialUpdate":false,"showSkybox":true,"showFlares":true,"showImageEffects":true,"showParticleSystems":true},"in2DMode":false,"pivot":{"x":3.071225643157959,"y":2.0935745239257814,"z":-2.328111171722412},"rotation":{"x":-0.08640299737453461,"y":0.9134238958358765,"z":-0.29039016366004946,"w":-0.2717810273170471},"size":14.28148078918457,"orthographic":false}