{"cameraMode":{"drawMode":0,"name":"Shaded","section":"Shading Mode"},"sceneLighting":true,"audioPlay":false,"sceneViewState":{"showFog":true,"showMaterialUpdate":false,"showSkybox":true,"showFlares":true,"showImageEffects":true,"showParticleSystems":true},"in2DMode":false,"pivot":{"x":-0.5295048356056213,"y":0.28879421949386599,"z":10.617057800292969},"rotation":{"x":-0.16965337097644807,"y":0.39450252056121828,"z":-0.07436242699623108,"w":-0.9000309109687805},"size":-1.507361650466919,"orthographic":false}