{"cameraMode":{"drawMode":0,"name":"Shaded","section":"Shading Mode"},"sceneLighting":true,"audioPlay":false,"sceneViewState":{"showFog":true,"showMaterialUpdate":false,"showSkybox":true,"showFlares":true,"showImageEffects":true,"showParticleSystems":true},"in2DMode":false,"pivot":{"x":-944.5166625976563,"y":-367.46075439453127,"z":-241.42361450195313},"rotation":{"x":-0.17973989248275758,"y":0.7571110129356384,"z":-0.23315438628196717,"w":-0.5831943154335022},"size":1308.3839111328125,"orthographic":false}