{"cameraMode":{"drawMode":0,"name":"Shaded","section":"Shading Mode"},"sceneLighting":false,"audioPlay":false,"sceneViewState":{"showFog":true,"showMaterialUpdate":false,"showSkybox":false,"showFlares":true,"showImageEffects":true,"showParticleSystems":true},"in2DMode":false,"pivot":{"x":0.12600000202655793,"y":0.859499990940094,"z":0.17000000178813935},"rotation":{"x":-0.04750389978289604,"y":0.9247533679008484,"z":-0.35697460174560549,"w":-0.12306013703346253},"size":2.228682518005371,"orthographic":false}