{"cameraMode":{"drawMode":0,"name":"Shaded","section":"Shading Mode"},"sceneLighting":true,"audioPlay":false,"sceneViewState":{"showFog":true,"showMaterialUpdate":false,"showSkybox":true,"showFlares":true,"showImageEffects":true,"showParticleSystems":true},"in2DMode":false,"pivot":{"x":-0.10470472276210785,"y":2.25,"z":0.2715449333190918},"rotation":{"x":-0.44834864139556887,"y":0.4549504518508911,"z":-0.28548336029052737,"w":-0.7144948840141296},"size":17.70030403137207,"orthographic":false}