{"cameraMode":{"drawMode":0,"name":"Shaded","section":"Shading Mode"},"sceneLighting":false,"audioPlay":false,"sceneViewState":{"showFog":true,"showMaterialUpdate":true,"showSkybox":false,"showFlares":true,"showImageEffects":true,"showParticleSystems":true},"in2DMode":false,"pivot":{"x":-0.604062557220459,"y":1.0,"z":-7.469687461853027},"rotation":{"x":0.11692733317613602,"y":-0.14661802351474763,"z":0.017455870285630227,"w":0.9821030497550964},"size":16.664182662963868,"orthographic":true}