{"cameraMode":{"drawMode":0,"name":"Shaded","section":"Shading Mode"},"sceneLighting":true,"audioPlay":false,"sceneViewState":{"showFog":true,"showMaterialUpdate":true,"showSkybox":true,"showFlares":true,"showImageEffects":true,"showParticleSystems":true},"in2DMode":false,"pivot":{"x":19.7470703125,"y":9.02372932434082,"z":-10.739486694335938},"rotation":{"x":0.921726405620575,"y":0.07771909981966019,"z":0.25150611996650698,"w":-0.2848244607448578},"size":17.227039337158204,"orthographic":true}