{"cameraMode":{"drawMode":0,"name":"Shaded","section":"Shading Mode"},"sceneLighting":true,"audioPlay":false,"sceneViewState":{"showFog":true,"showMaterialUpdate":true,"showSkybox":true,"showFlares":true,"showImageEffects":true,"showParticleSystems":true},"in2DMode":false,"pivot":{"x":19.7470703125,"y":9.02372932434082,"z":-10.739486694335938},"rotation":{"x":0.028687048703432084,"y":-0.7153565287590027,"z":0.029419105499982835,"w":0.6975504159927368},"size":73.22005462646485,"orthographic":true}