{"cameraMode":{"drawMode":0,"name":"Shaded","section":"Shading Mode"},"sceneLighting":true,"audioPlay":false,"sceneViewState":{"showFog":true,"showMaterialUpdate":true,"showSkybox":true,"showFlares":true,"showImageEffects":true,"showParticleSystems":true},"in2DMode":false,"pivot":{"x":4.794559478759766,"y":-0.7400182485580444,"z":-8.336776733398438},"rotation":{"x":-0.22737351059913636,"y":0.03125619888305664,"z":-0.00730213662609458,"w":-0.9732785224914551},"size":25.56833839416504,"orthographic":true}