{"cameraMode":{"drawMode":0,"name":"Shaded","section":"Shading Mode"},"sceneLighting":true,"audioPlay":false,"sceneViewState":{"showFog":true,"showMaterialUpdate":false,"showSkybox":true,"showFlares":true,"showImageEffects":true,"showParticleSystems":true},"in2DMode":false,"pivot":{"x":-47.3836669921875,"y":-2.8779115676879885,"z":-11.228153228759766},"rotation":{"x":-0.1852961778640747,"y":0.7407122254371643,"z":-0.226918026804924,"w":-0.6045816540718079},"size":78.27191162109375,"orthographic":false}