{"cameraMode":{"drawMode":0,"name":"Shaded","section":"Shading Mode"},"sceneLighting":true,"audioPlay":false,"sceneViewState":{"showFog":true,"showMaterialUpdate":false,"showSkybox":true,"showFlares":true,"showImageEffects":true,"showParticleSystems":true},"in2DMode":false,"pivot":{"x":-42.07921600341797,"y":11.55181884765625,"z":30.463329315185548},"rotation":{"x":0.22618907690048219,"y":-0.03506211191415787,"z":0.008158417418599129,"w":0.9734179973602295},"size":78.11014556884766,"orthographic":false}