{"cameraMode":{"drawMode":0,"name":"Shaded","section":"Shading Mode"},"sceneLighting":true,"audioPlay":false,"sceneViewState":{"showFog":true,"showMaterialUpdate":false,"showSkybox":true,"showFlares":true,"showImageEffects":true,"showParticleSystems":true},"in2DMode":false,"pivot":{"x":-72.66098022460938,"y":-20.099639892578126,"z":3.1578750610351564},"rotation":{"x":0.32903459668159487,"y":-0.2361672818660736,"z":0.08529745787382126,"w":0.9103217720985413},"size":142.04617309570313,"orthographic":false}