{"cameraMode":{"drawMode":0,"name":"Shaded","section":"Shading Mode"},"sceneLighting":false,"audioPlay":false,"sceneViewState":{"showFog":true,"showMaterialUpdate":false,"showSkybox":false,"showFlares":true,"showImageEffects":true,"showParticleSystems":true},"in2DMode":false,"pivot":{"x":-65.66999816894531,"y":2.4600000381469728,"z":44.0},"rotation":{"x":-0.13405385613441468,"y":0.18232227861881257,"z":-0.025100333616137506,"w":-0.9737341403961182},"size":1.657884120941162,"orthographic":false}