{"cameraMode":{"drawMode":0,"name":"Shaded","section":"Shading Mode"},"sceneLighting":true,"audioPlay":false,"sceneViewState":{"showFog":true,"showMaterialUpdate":false,"showSkybox":true,"showFlares":true,"showImageEffects":true,"showParticleSystems":true},"in2DMode":false,"pivot":{"x":-12.219352722167969,"y":5.0029296875,"z":2.2856922149658205},"rotation":{"x":-0.17158713936805726,"y":0.8266663551330566,"z":-0.4073182940483093,"w":-0.34824198484420779},"size":15.939723014831543,"orthographic":false}