{"cameraMode":{"drawMode":0,"name":"Shaded","section":"Shading Mode"},"sceneLighting":true,"audioPlay":false,"sceneViewState":{"showFog":true,"showMaterialUpdate":true,"showSkybox":true,"showFlares":true,"showImageEffects":true,"showParticleSystems":true},"in2DMode":false,"pivot":{"x":-7.940634727478027,"y":-0.8366813659667969,"z":1.1239986419677735},"rotation":{"x":-0.22734348475933076,"y":0.035048454999923709,"z":-0.00818790215998888,"w":-0.973149299621582},"size":31.13593864440918,"orthographic":false}