{"cameraMode":{"drawMode":0,"name":"Shaded","section":"Shading Mode"},"sceneLighting":true,"audioPlay":false,"sceneViewState":{"showFog":true,"showMaterialUpdate":false,"showSkybox":true,"showFlares":true,"showImageEffects":true,"showParticleSystems":true},"in2DMode":false,"pivot":{"x":-14.20083236694336,"y":3.7962570190429689,"z":-4.686140537261963},"rotation":{"x":-0.3302498757839203,"y":0.6174361109733582,"z":-0.319334477186203,"w":-0.6385398507118225},"size":26560.533203125,"orthographic":false}