{"cameraMode":{"drawMode":0,"name":"Shaded","section":"Shading Mode"},"sceneLighting":true,"audioPlay":false,"sceneViewState":{"showFog":true,"showMaterialUpdate":false,"showSkybox":true,"showFlares":true,"showImageEffects":true,"showParticleSystems":true},"in2DMode":false,"pivot":{"x":-10.871877670288086,"y":-59.01441955566406,"z":-197.0275115966797},"rotation":{"x":0.014866168610751629,"y":-0.9746971726417542,"z":0.21233873069286347,"w":0.06824041157960892},"size":317.4541931152344,"orthographic":false}