{"cameraMode":{"drawMode":0,"name":"Shaded","section":"Shading Mode"},"sceneLighting":true,"audioPlay":false,"sceneViewState":{"showFog":true,"showMaterialUpdate":false,"showSkybox":true,"showFlares":true,"showImageEffects":true,"showParticleSystems":true},"in2DMode":false,"pivot":{"x":1.8919601440429688,"y":-84.86976623535156,"z":-116.49671173095703},"rotation":{"x":0.00787640456110239,"y":-0.873654305934906,"z":0.4862772226333618,"w":0.014160082675516606},"size":290.53387451171877,"orthographic":false}