{"cameraMode":{"drawMode":0,"name":"Shaded","section":"Shading Mode"},"sceneLighting":true,"audioPlay":false,"sceneViewState":{"showFog":true,"showMaterialUpdate":false,"showSkybox":true,"showFlares":true,"showImageEffects":true,"showParticleSystems":true},"in2DMode":false,"pivot":{"x":-1.9814159870147706,"y":-4.074041366577148,"z":11.41175651550293},"rotation":{"x":-0.33752864599227908,"y":0.27036744356155398,"z":-0.10186241567134857,"w":-0.8958794474601746},"size":9.064826011657715,"orthographic":false}