{"cameraMode":{"drawMode":0,"name":"Shaded","section":"Shading Mode"},"sceneLighting":true,"audioPlay":false,"sceneViewState":{"showFog":true,"showMaterialUpdate":false,"showSkybox":true,"showFlares":true,"showImageEffects":true,"showParticleSystems":true},"in2DMode":false,"pivot":{"x":-0.005704861134290695,"y":5.286788463592529,"z":1.43586266040802},"rotation":{"x":-0.44072699546813967,"y":0.5589182376861572,"z":-0.4816044569015503,"w":-0.511299729347229},"size":31.630237579345704,"orthographic":false}