{"cameraMode":{"drawMode":0,"name":"Shaded","section":"Shading Mode"},"sceneLighting":true,"audioPlay":false,"sceneViewState":{"showFog":true,"showMaterialUpdate":false,"showSkybox":true,"showFlares":true,"showImageEffects":true,"showParticleSystems":true},"in2DMode":false,"pivot":{"x":-0.7534751892089844,"y":0.5453758239746094,"z":0.4563441276550293},"rotation":{"x":-0.08439779281616211,"y":0.8870849609375,"z":-0.17964549362659455,"w":-0.41675519943237307},"size":10.0,"orthographic":false}